iter	Passed	Remaining
0	645	529772
11	3297	1012282	2	4856	992330
3	6124	937085
4	7257	886886
5	8459	860087
6	9874	859048
7	10938	831323
8	11991	808773
9	12996	787583
10	14003	770173
11	15139	762028
12	16120	747740
13	17099	735295
14	18213	729749
15	19401	727561
16	20859	734984
17	22255	739377
18	23425	736053
19	24691	735818
20	25917	734322
21	27028	729779
22	28294	729497
23	29554	729016
24	30786	727803
25	32000	726162
26	33160	723395
27	34531	725154
28	35846	725583
29	37080	724311
30	38459	725764
31	39730	725088
32	40978	723952
33	42259	723378
34	43557	723057
35	44824	722168
36	46019	720142
37	47296	719410
38	48471	717130
39	49776	716775
40	50980	714972
41	52241	713964
42	53405	711663
43	54606	709878
44	55782	707823
45	56981	706069
46	58171	704245
47	59615	705455
48	60869	704342
49	62037	702261
50	63387	702230
51	64734	702121
52	66032	701440
53	67231	699704
54	68469	698392
55	69742	697425
56	70988	696183
57	72161	694241
58	73333	692315
59	74757	692751
60	76064	692063
61	77262	690381
62	78455	688662
63	79830	688536
64	81079	687301
65	82403	686693
66	83695	685799
67	84901	684209
68	86208	683422
69	87513	682607
70	88713	680966
71	89974	679807
72	91260	678826
73	92509	677567
74	93841	676908
75	95183	676301
76	96467	675272
77	97907	675310
78	99122	673781
79	100334	672243
80	101618	671180
81	102954	670461
82	104324	669941
83	105533	668381
84	106868	667615
85	108169	666625
86	109433	665407
87	110697	664186
88	111973	663033
89	113331	662357
90	114672	661569
91	115923	660261
92	117224	659229
93	118406	657534
94	119673	656313
95	120807	654371
96	122198	653824
97	123411	652318
98	124785	651659
99	126216	651279
100	127498	650115
101	128774	648923
102	130192	648432
103	131557	647669
104	132904	646803
105	134220	645777
106	135496	644555
107	136913	644001
108	138064	642188
109	139436	641406
110	140714	640188
111	142097	639440
112	143384	638249
113	144574	636636
114	145943	635804
115	147203	634498
116	148483	633273
117	149821	632295
118	151121	631154
119	152377	629826
120	153548	628153
121	154895	627199
122	156246	626255
123	157540	625079
124	158870	624043
125	160309	623425
126	161606	622247
127	162818	620745
128	164165	619754
129	165587	619043
130	166860	617765
131	168251	616922
132	169537	615688
133	170948	614904
134	172374	614164
135	173657	612907
136	175051	612041
137	176353	610846
138	177738	609936
139	179018	608661
140	180394	607711
141	181755	606705
142	183104	605654
143	184404	604438
144	185675	603124
145	187001	601991
146	188299	600765
147	189802	600186
148	191157	599131
149	192522	598103
150	193890	597078
151	195114	595613
152	196540	594760
153	197918	593756
154	199194	592442
155	200532	591313
156	201924	590338
157	203172	588942
158	204478	587713
159	205835	586630
160	207053	585150
161	208452	584181
162	209739	582896
163	211283	582316
164	212556	580988
165	213954	579996
166	215373	579056
167	216840	578240
168	218345	577518
169	219683	576347
170	220957	575005
171	222285	573807
172	223735	572917
173	225090	571780
174	226344	570387
175	227703	569258
176	228883	567682
177	230223	566504
178	231409	564949
179	232711	563679
180	233976	562320
181	235331	561175
182	236602	559829
183	238006	558798
184	239374	557678
185	240433	555840
186	241457	553932
187	242566	552225
188	243621	550403
189	244787	548840
190	245686	546683
191	246674	544739
192	247591	542648
193	248595	540758
194	249634	538954
195	250686	537184
196	251735	535416
197	252865	533826
198	253877	531993
199	254927	530250
200	255883	528316
201	256930	526579
202	257912	524719
203	258824	522724
204	259801	520869
205	260739	518946
206	261708	517096
207	262773	515440
208	263850	513813
209	264840	512025
210	265882	510342
211	266809	508447
212	267799	506680
213	268881	505095
214	269895	503386
215	270789	501461
216	271771	499708
217	272711	497885
218	273656	496080
219	274443	493998
220	275175	491830
221	275944	489739
222	276633	487519
223	277436	485513
224	278380	483763
225	279216	481834
226	280006	479834
227	280953	478113
228	281733	476116
229	282515	474134
230	283271	472119
231	283980	470035
232	284691	467969
233	285345	465820
234	286061	463784
235	286861	461895
236	287503	459763
237	288243	457798
238	288919	455743
239	289614	453728
240	290363	451809
241	291014	449750
242	291861	448001
243	292653	446176
244	293374	444252
245	294138	442403
246	294866	440508
247	295523	438518
248	296257	436652
249	296964	434755
250	297699	432910
251	298386	431002
252	299098	429141
253	299837	427326
254	300587	425538
255	301331	423746
256	302004	421866
257	302777	420132
258	303424	418234
259	304193	416511
260	304846	414637
261	305613	412928
262	306360	411198
263	307184	409579
264	307878	407794
265	308743	406240
266	309536	404599
267	310286	402909
268	311015	401198
269	311767	399524
270	312565	397915
271	313319	396256
272	314121	394665
273	314864	393006
274	315608	391354
275	316344	389699
276	317067	388035
277	317847	386447
278	318652	384896
279	319498	383398
280	320221	381758
281	320960	380144
282	321826	378686
283	322459	376959
284	322940	375064
285	323371	373121
286	323926	371329
287	324440	369501
288	324940	367666
289	325368	365758
290	325852	363924
291	326339	362103
292	326793	360253
293	327210	358373
294	327660	356538
295	328157	354765
296	328606	352948
297	329048	351131
298	329521	349359
299	330060	347663
300	330525	345898
301	330995	344147
302	331470	342410
303	331930	340665
304	332390	338929
305	332858	337209
306	333373	335545
307	333914	333914
308	334418	332254
309	334903	330582
310	335334	328865
311	335883	327270
312	336411	325663
313	336858	323984
314	337346	322353
315	337825	320720
316	338390	319175
317	338875	317562
318	339320	315919
319	339762	314280
320	340255	312695
321	340690	311064
322	341161	309474
323	341690	307943
324	342229	306427
325	342752	304902
326	343178	303298
327	343698	301783
328	344183	300244
329	344628	298678
330	345101	297141
331	345538	295581
332	345999	294047
333	346584	292625
334	347082	291134
335	347563	289636
336	348001	288108
337	348423	286573
338	348857	285054
339	349301	283550
340	349752	282058
341	350248	280608
342	350690	279121
343	351148	277652
344	351665	276235
345	352231	274862
346	352760	273465
347	353216	272017
348	353645	270554
349	354162	269163
350	354681	267779
351	355147	266360
352	355619	264951
353	356089	263546
354	356600	262176
355	357023	260747
356	357470	259341
357	357910	257935
358	358374	256551
359	358886	255207
360	359353	253837
361	359794	252452
362	360266	251095
363	360766	249761
364	361243	248416
365	361678	247047
366	362139	245702
367	362566	244338
368	363010	242991
369	363441	241639
370	363944	240340
371	364392	239009
372	364866	237701
373	365315	236380
374	365732	235044
375	366223	233759
376	366724	232485
377	367179	231187
378	367707	229938
379	368177	228657
380	368800	227475
381	369274	226204
382	369743	224935
383	370209	223668
384	370670	222402
385	371109	221127
386	371570	219870
387	372058	218632
388	372485	217362
389	372960	216125
390	373499	214929
391	373989	213708
392	374441	212469
393	374937	211258
394	375385	210025
395	375848	208804
396	376358	207613
397	376821	206399
398	377353	205227
399	377846	204037
400	378320	202840
401	378753	201624
402	379278	200462
403	379810	199306
404	380239	198100
405	380682	196904
406	381105	195702
407	381576	194528
408	382045	193358
409	382548	192207
410	382990	191029
411	383457	189867
412	383957	188724
413	384429	187571
414	384858	186401
415	385344	185261
416	385805	184113
417	386260	182965
418	386791	181856
419	387231	180708
420	387666	179560
421	388154	178440
422	388630	177318
423	389072	176183
424	389503	175047
425	390006	173946
426	390533	172859
427	391118	171799
428	391598	170696
429	392049	169584
430	392493	168471
431	392951	167368
432	393404	166265
433	393825	165152
434	394302	164066
435	394724	162959
436	395193	161875
437	395703	160811
438	396195	159741
439	396683	158673
440	397111	157584
441	397542	156498
442	398022	155435
443	398585	154407
444	399045	153341
445	399544	152292
446	400017	151237
447	400470	150176
448	400951	149128
449	401427	148082
450	401948	147054
451	402415	146009
452	402868	144961
453	403317	143915
454	403791	142880
455	404211	141828
456	404668	140792
457	405196	139783
458	405649	138751
459	406105	137722
460	406618	136715
461	407078	135692
462	407518	134665
463	408034	133666
464	408459	132639
465	408914	131624
466	409402	130622
467	409894	129624
468	410324	128609
469	410801	127610
470	411303	126622
471	411731	125613
472	412179	124612
473	412627	123614
474	413214	122659
475	413686	121672
476	414171	120691
477	414642	119708
478	415178	118746
479	415655	117768
480	416134	116794
481	416588	115815
482	417052	114840
483	417479	113858
484	417994	112901
485	418547	111957
486	419081	111009
487	419590	110056
488	420019	109084
489	420463	108119
490	420907	107155
491	421355	106195
492	421824	105242
493	422298	104292
494	422732	103334
495	423183	102383
496	423624	101431
497	424073	100483
498	424567	99547
499	425038	98608
500	425578	97687
501	426071	96757
502	426528	95820
503	426984	94885
504	427433	93950
505	427991	93041
506	428500	92123
507	429002	91205
508	429474	90282
509	429951	89362
510	430377	88433
511	430835	87513
512	431297	86595
513	431764	85680
514	432244	84770
515	432710	83858
516	433141	82941
517	433597	82031
518	434072	81127
519	434598	80233
520	435115	79339
521	435561	78434
522	436054	77539
523	436504	76638
524	437031	75752
525	437472	74852
526	437938	73959
527	438374	73062
528	438816	72168
529	439325	71286
530	439771	70396
531	440226	69509
532	440693	68625
533	441261	67759
534	441736	66879
535	442166	65995
536	442598	65112
537	443049	64234
538	443468	63352
539	443908	62475
540	444336	61599
541	444777	60726
542	445265	59860
543	445759	58997
544	446209	58130
545	446643	57262
546	447125	56401
547	447570	55537
548	448087	54684
549	448526	53823
550	448968	52963
551	449426	52107
552	449872	51251
553	450440	50410
554	450915	49560
555	451388	48710
556	451886	47865
557	452417	47025
558	452970	46188
559	453495	45349
560	453954	44505
561	454405	43661
562	454879	42821
563	455377	41985
564	455845	41147
565	456374	40315
566	456805	39477
567	457277	38643
568	457695	37806
569	458147	36973
570	458717	36151
571	459170	35320
572	459629	34492
573	460108	33666
574	460574	32840
575	461012	32014
576	461459	31190
577	461990	30373
578	462567	29559
579	463078	28742
580	463645	27930
581	464153	27115
582	464650	26300
583	465110	25485
584	465619	24673
585	466077	23860
586	466650	23054
587	467140	22244
588	467640	21436
589	468140	20629
590	468591	19821
591	469046	19015
592	469535	18211
593	469984	17406
594	470442	16603
595	470874	15801
596	471359	15001
597	471851	14202
598	472397	13406
599	472927	12611
600	473434	11816
601	473905	11021
602	474349	10226
603	474814	9433
604	475305	8641
605	475769	7850
606	476227	7061
607	476694	6272
608	477146	5484
609	477633	4698
610	478094	3912
611	478616	3128
612	479076	2344
613	479554	1562
614	480106	780
615	480567	0
07
620	264078	85474
621	264398	85015
622	264727	84559
623	265082	84112
624	265462	83673
625	265859	83240
626	266187	82785
627	266588	82353
628	266984	81920
629	267318	81468
630	267695	81029
631	268104	80600
632	268385	80133
633	268746	79691
634	269069	79237
635	269386	78782
636	269737	78338
637	270129	77905
638	270463	77456
639	270837	77019
640	271190	76576
641	271604	76150
642	271960	75708
643	272180	75230
644	272519	74784
645	272744	74308
646	272976	73834
647	273269	73377
648	273504	72906
649	273858	72467
650	274085	71994
651	274314	71523
652	274553	71056
653	274835	70599
654	275048	70126
655	275304	69665
656	275640	69224
657	275839	68750
658	276129	68299
659	276594	67891
660	276990	67466
661	277402	67045
662	277642	66583
663	277904	66127
664	278237	65689
665	278497	65233
666	278839	64797
667	279152	64355
668	279458	63912
669	279744	63464
670	280012	63013
671	280265	62559
672	280573	62118
673	280795	61658
674	281048	61206
675	281329	60760
676	281533	60298
677	281771	59845
678	282093	59410
679	282335	58958
680	282637	58519
681	282919	58077
682	283165	57628
683	283460	57189
684	283680	56736
685	284027	56308
686	284307	55868
687	284517	55414
688	284880	54991
689	285145	54549
690	285408	54107
691	285701	53672
692	285900	53219
693	286146	52776
694	286440	52342
695	286652	51894
696	286984	51467
697	287210	51023
698	287477	50586
699	287771	50154
700	287952	49703
701	288270	49277
702	288576	48848
703	288793	48405
704	289055	47970
705	289335	47539
706	289613	47108
707	289901	46679
708	290132	46241
709	290378	45806
710	290629	45372
711	290926	44946
712	291196	44516
713	291547	44099
714	291730	43657
715	291988	43227
716	292302	42805
717	292496	42367
718	292792	41943
719	293086	41520
720	293345	41092
721	293623	40668
722	293845	40236
723	294140	39814
724	294446	39394
725	294660	38963
726	294965	38544
727	295232	38120
728	295502	37697
729	295780	37276
730	296009	36849
731	296305	36430
732	296596	36012
733	296807	35584
734	297059	35162
735	297358	34745
736	297642	34327
737	297933	33911
738	298137	33484
739	298408	33066
740	298684	32649
741	298889	32225
742	299164	31808
743	299476	31396
744	299701	30975
745	300017	30564
746	300250	30145
747	300503	29728
748	300758	29312
749	301027	28898
750	301259	28481
751	301552	28070
752	301784	27653
753	302042	27239
754	302339	26830
755	302552	26413
756	302933	26011
757	303170	25597
758	303474	25189
759	303750	24779
760	304016	24369
761	304315	23961
762	304611	23554
763	304896	23146
764	305218	22741
765	305457	22331
766	305714	21922
767	305997	21515
768	306247	21106
769	306544	20701
770	306915	20301
771	307132	19892
772	307461	19489
773	307747	19085
774	307963	18676
775	308289	18274
776	308537	17868
777	308802	17464
778	309059	17059
779	309292	16654
780	309544	16250
781	309816	15847
782	310046	15442
783	310288	15039
784	310558	14637
785	310801	14235
786	311046	13833
787	311353	13434
788	311616	13033
789	311907	12634
790	312219	12236
791	312441	11834
792	312727	11436
793	312999	11037
794	313225	10637
795	313508	10240
796	313805	9843
797	313982	9443
798	314237	9045
799	314520	8649
800	314698	8250
801	314983	7854
802	315237	7458
803	315438	7062
804	315720	6667
805	316017	6273
806	316241	5878
807	316516	5484
808	316850	5091
809	317052	4697
810	317308	4303
811	317612	3911
812	317800	3518
813	318097	3126
814	318421	2734
815	318636	2342
816	318948	1951
817	319212	1560
818	319451	1170
819	319929	780
820	320135	389
821	320377	0
